caller	sample	chrom	start	end	svtype	lof	annotation	split_read_support	paired_support_PE	paired_support_PR
cnvkit	syn3-normal-germline	chr21	10898175	11187629	DUP		DUP|UPSTREAM_GENE_VARIANT|SLC25A15P4|ENST00000456889|NOT_PRIORITISED|3,DUP|UPSTREAM_GENE_VARIANT|TPTE|ENST00000361285|NOT_PRIORITISED|3,DUP|UPSTREAM_GENE_VARIANT|CYCSP41|ENST00000451532|NOT_PRIORITISED|3,DUP|UPSTREAM_GENE_VARIANT|BAGE2|ENST00000496773|NOT_PRIORITISED|3,DUP|UPSTREAM_GENE_VARIANT|VN1R7P|ENST00000414133|NOT_PRIORITISED|3,DUP|UPSTREAM_GENE_VARIANT|AP003900.6|ENST00000603265|NOT_PRIORITISED|3,DUP|UPSTREAM_GENE_VARIANT|EIF3FP1|ENST00000414503|NOT_PRIORITISED|3,DUP|DOWNSTREAM_GENE_VARIANT|SLC25A15P4|ENST00000456889|NOT_PRIORITISED|3,DUP|DOWNSTREAM_GENE_VARIANT|TPTE|ENST00000361285|NOT_PRIORITISED|3,DUP|DOWNSTREAM_GENE_VARIANT|CYCSP41|ENST00000451532|NOT_PRIORITISED|3,DUP|DOWNSTREAM_GENE_VARIANT|BAGE2|ENST00000496773|NOT_PRIORITISED|3,DUP|DOWNSTREAM_GENE_VARIANT|VN1R7P|ENST00000414133|NOT_PRIORITISED|3,DUP|DOWNSTREAM_GENE_VARIANT|AP003900.6|ENST00000603265|NOT_PRIORITISED|3,DUP|DOWNSTREAM_GENE_VARIANT|EIF3FP1|ENST00000414503|NOT_PRIORITISED|3
cnvkit	syn3-normal-germline	chr21	15756204	16031370	DUP		DUP|UPSTREAM_GENE_VARIANT|HSPA13|ENST00000285667|NOT_PRIORITISED|3,DUP|UPSTREAM_GENE_VARIANT|SAMSN1|ENST00000285670|NOT_PRIORITISED|3,DUP|UPSTREAM_GENE_VARIANT|SAMSN1-AS1|ENST00000449214|NOT_PRIORITISED|3,DUP|UPSTREAM_GENE_VARIANT|AF165138.7|ENST00000400562|NOT_PRIORITISED|3,DUP|DOWNSTREAM_GENE_VARIANT|SAMSN1|ENST00000285670|NOT_PRIORITISED|3,DUP|DOWNSTREAM_GENE_VARIANT|SAMSN1-AS1|ENST00000449214|NOT_PRIORITISED|3,DUP|DOWNSTREAM_GENE_VARIANT|AF165138.7|ENST00000400562|NOT_PRIORITISED|3
cnvkit	syn3-normal-germline	chr21	16031870	16332806	DUP		DUP|UPSTREAM_GENE_VARIANT|AF165138.7|ENST00000400562|NOT_PRIORITISED|3,DUP|UPSTREAM_GENE_VARIANT|AF127936.3|ENST00000455253|NOT_PRIORITISED|3,DUP|UPSTREAM_GENE_VARIANT|POLR2CP|ENST00000453699|NOT_PRIORITISED|3,DUP|UPSTREAM_GENE_VARIANT|AF127936.5|ENST00000435315|NOT_PRIORITISED|3,DUP|UPSTREAM_GENE_VARIANT|GAPDHP16|ENST00000448152|NOT_PRIORITISED|3,DUP|UPSTREAM_GENE_VARIANT|AF127936.7|ENST00000432230|NOT_PRIORITISED|3,DUP|UPSTREAM_GENE_VARIANT|RBMX2P1|ENST00000454795|NOT_PRIORITISED|3,DUP|UPSTREAM_GENE_VARIANT|AF127577.8|ENST00000430391|NOT_PRIORITISED|3,DUP|UPSTREAM_GENE_VARIANT|AF127577.10|ENST00000446301|NOT_PRIORITISED|3,DUP|DOWNSTREAM_GENE_VARIANT|AF127936.3|ENST00000455253|NOT_PRIORITISED|3,DUP|DOWNSTREAM_GENE_VARIANT|POLR2CP|ENST00000453699|NOT_PRIORITISED|3,DUP|DOWNSTREAM_GENE_VARIANT|AF127936.5|ENST00000435315|NOT_PRIORITISED|3,DUP|DOWNSTREAM_GENE_VARIANT|GAPDHP16|ENST00000448152|NOT_PRIORITISED|3,DUP|DOWNSTREAM_GENE_VARIANT|AF127936.7|ENST00000432230|NOT_PRIORITISED|3,DUP|DOWNSTREAM_GENE_VARIANT|RBMX2P1|ENST00000454795|NOT_PRIORITISED|3,DUP|DOWNSTREAM_GENE_VARIANT|AF127577.8|ENST00000430391|NOT_PRIORITISED|3,DUP|DOWNSTREAM_GENE_VARIANT|NRIP1|ENST00000318948|NOT_PRIORITISED|3
cnvkit	syn3-normal-germline	chr21	16341536	17114840	DUP		DUP|BIDIRECTIONAL_GENE_FUSION|NRIP1&USP25|ENSG00000180530|NOT_PRIORITISED|3
cnvkit	syn3-normal-germline	chr21	17115340	17252270	DUP		DUP|UPSTREAM_GENE_VARIANT|RBPMSLP|ENST00000433427|NOT_PRIORITISED|3,DUP|DOWNSTREAM_GENE_VARIANT|RBPMSLP|ENST00000433427|NOT_PRIORITISED|3
cnvkit	syn3-normal-germline	chr21	18902442	18981704	DUP		DUP|BIDIRECTIONAL_GENE_FUSION|BTG3&CXADR|ENSG00000154639|NOT_PRIORITISED|3,DUP|UPSTREAM_GENE_VARIANT|Y_RNA|ENST00000363884|NOT_PRIORITISED|3,DUP|UPSTREAM_GENE_VARIANT|Y_RNA|ENST00000363092|NOT_PRIORITISED|3,DUP|DOWNSTREAM_GENE_VARIANT|CXADR|ENST00000284878|NOT_PRIORITISED|3,DUP|DOWNSTREAM_GENE_VARIANT|Y_RNA|ENST00000363092|NOT_PRIORITISED|3,DUP|DOWNSTREAM_GENE_VARIANT|BTG3|ENST00000339775|NOT_PRIORITISED|3
cnvkit	syn3-normal-germline	chr21	18982204	19616620	DUP		DUP|BIDIRECTIONAL_GENE_FUSION|BTG3&CHODL|ENSG00000154640|NOT_PRIORITISED|3
cnvkit	syn3-normal-germline	chr21	19617120	19776176	DUP		DUP|BIDIRECTIONAL_GENE_FUSION|CHODL&TMPRSS15|ENSG00000154645|NOT_PRIORITISED|3,DUP|UPSTREAM_GENE_VARIANT|CHODL|ENST00000299295|NOT_PRIORITISED|3,DUP|UPSTREAM_GENE_VARIANT|TMPRSS15|ENST00000284885|NOT_PRIORITISED|3,DUP|DOWNSTREAM_GENE_VARIANT|CHODL|ENST00000299295|NOT_PRIORITISED|3,DUP|DOWNSTREAM_GENE_VARIANT|TMPRSS15|ENST00000284885|NOT_PRIORITISED|3
cnvkit	syn3-normal-germline	chr21	19776676	22642699	DUP		DUP|BIDIRECTIONAL_GENE_FUSION|NCAM2&TMPRSS15|ENSG00000154646|NOT_PRIORITISED|3
cnvkit	syn3-normal-germline	chr21	22643199	22911056	DUP		DUP|UPSTREAM_GENE_VARIANT|AP001137.1|ENST00000408283|NOT_PRIORITISED|3,DUP|DOWNSTREAM_GENE_VARIANT|AP001137.1|ENST00000408283|NOT_PRIORITISED|3
cnvkit	syn3-normal-germline	chr21	26957780	27142599	DUP		DUP|UPSTREAM_GENE_VARIANT|LINC00515|ENST00000567517|NOT_PRIORITISED|3,DUP|UPSTREAM_GENE_VARIANT|MRPL39|ENST00000307301|NOT_PRIORITISED|3,DUP|UPSTREAM_GENE_VARIANT|JAM2|ENST00000400532|NOT_PRIORITISED|3,DUP|UPSTREAM_GENE_VARIANT|RNGTTP1|ENST00000420965|NOT_PRIORITISED|3,DUP|UPSTREAM_GENE_VARIANT|FDX1P2|ENST00000450769|NOT_PRIORITISED|3,DUP|UPSTREAM_GENE_VARIANT|ATP5J|ENST00000400099|NOT_PRIORITISED|3,DUP|UPSTREAM_GENE_VARIANT|GABPA|ENST00000354828|NOT_PRIORITISED|3,DUP|UPSTREAM_GENE_VARIANT|AP000226.9|ENST00000436405|NOT_PRIORITISED|3,DUP|DOWNSTREAM_GENE_VARIANT|MRPL39|ENST00000307301|NOT_PRIORITISED|3,DUP|DOWNSTREAM_GENE_VARIANT|JAM2|ENST00000400532|NOT_PRIORITISED|3,DUP|DOWNSTREAM_GENE_VARIANT|RNGTTP1|ENST00000420965|NOT_PRIORITISED|3,DUP|DOWNSTREAM_GENE_VARIANT|FDX1P2|ENST00000450769|NOT_PRIORITISED|3,DUP|DOWNSTREAM_GENE_VARIANT|ATP5J|ENST00000400099|NOT_PRIORITISED|3,DUP|DOWNSTREAM_GENE_VARIANT|AP000226.9|ENST00000436405|NOT_PRIORITISED|3
cnvkit	syn3-normal-germline	chr21	28208515	28338978	DUP		DUP|UPSTREAM_GENE_VARIANT|ADAMTS1|ENST00000284984|NOT_PRIORITISED|3,DUP|UPSTREAM_GENE_VARIANT|AP001601.2|ENST00000426771|NOT_PRIORITISED|3,DUP|UPSTREAM_GENE_VARIANT|ADAMTS5|ENST00000284987|NOT_PRIORITISED|3,DUP|UPSTREAM_GENE_VARIANT|MIR4759|ENST00000584048|NOT_PRIORITISED|3,DUP|DOWNSTREAM_GENE_VARIANT|AP001601.2|ENST00000426771|NOT_PRIORITISED|3,DUP|DOWNSTREAM_GENE_VARIANT|ADAMTS5|ENST00000284987|NOT_PRIORITISED|3,DUP|DOWNSTREAM_GENE_VARIANT|MIR4759|ENST00000584048|NOT_PRIORITISED|3
cnvkit	syn3-normal-germline	chr21	30248455	30465245	DUP	(MAP3K7CL|ENSG00000156265|1|1.00)	DUP|BIDIRECTIONAL_GENE_FUSION|MAP3K7CL&N6AMT1|ENSG00000156239|NOT_PRIORITISED|3,DUP|UPSTREAM_GENE_VARIANT|N6AMT1|ENST00000303775|NOT_PRIORITISED|3,DUP|UPSTREAM_GENE_VARIANT|HSPD1P7|ENST00000447985|NOT_PRIORITISED|3,DUP|UPSTREAM_GENE_VARIANT|THUMPD1P1|ENST00000400014|NOT_PRIORITISED|3,DUP|UPSTREAM_GENE_VARIANT|LTN1|ENST00000389194|NOT_PRIORITISED|3,DUP|UPSTREAM_GENE_VARIANT|RPL23P2|ENST00000320371|NOT_PRIORITISED|3,DUP|UPSTREAM_GENE_VARIANT|RWDD2B|ENST00000493196|NOT_PRIORITISED|3,DUP|UPSTREAM_GENE_VARIANT|RP1-100J12.1|ENST00000608809|NOT_PRIORITISED|3,DUP|UPSTREAM_GENE_VARIANT|USP16|ENST00000334352|NOT_PRIORITISED|3,DUP|UPSTREAM_GENE_VARIANT|CCT8|ENST00000286788|NOT_PRIORITISED|3,DUP|UPSTREAM_GENE_VARIANT|AF129075.5|ENST00000457162|NOT_PRIORITISED|3,DUP|UPSTREAM_GENE_VARIANT|MAP3K7CL|ENST00000341618|NOT_PRIORITISED|3,DUP|DOWNSTREAM_GENE_VARIANT|HSPD1P7|ENST00000447985|NOT_PRIORITISED|3,DUP|DOWNSTREAM_GENE_VARIANT|THUMPD1P1|ENST00000400014|NOT_PRIORITISED|3,DUP|DOWNSTREAM_GENE_VARIANT|LTN1|ENST00000389194|NOT_PRIORITISED|3,DUP|DOWNSTREAM_GENE_VARIANT|RPL23P2|ENST00000320371|NOT_PRIORITISED|3,DUP|DOWNSTREAM_GENE_VARIANT|RWDD2B|ENST00000493196|NOT_PRIORITISED|3,DUP|DOWNSTREAM_GENE_VARIANT|RP1-100J12.1|ENST00000608809|NOT_PRIORITISED|3,DUP|DOWNSTREAM_GENE_VARIANT|USP16|ENST00000334352|NOT_PRIORITISED|3,DUP|DOWNSTREAM_GENE_VARIANT|CCT8|ENST00000286788|NOT_PRIORITISED|3,DUP|DOWNSTREAM_GENE_VARIANT|AF129075.5|ENST00000457162|NOT_PRIORITISED|3
cnvkit	syn3-normal-germline	chr21	30465745	33031320	DUP		DUP|BIDIRECTIONAL_GENE_FUSION|AP000253.1&MAP3K7CL|ENSG00000156265|NOT_PRIORITISED|3
cnvkit	syn3-normal-germline	chr21	33079388	33311691	DUP	(HUNK|ENSG00000142149|1|1.00)	DUP|BIDIRECTIONAL_GENE_FUSION|HUNK&SCAF4|ENSG00000156304|NOT_PRIORITISED|3,DUP|UPSTREAM_GENE_VARIANT|SCAF4|ENST00000286835|NOT_PRIORITISED|3,DUP|UPSTREAM_GENE_VARIANT|AP000255.6|ENST00000610276|NOT_PRIORITISED|3,DUP|UPSTREAM_GENE_VARIANT|TPT1P1|ENST00000458495|NOT_PRIORITISED|3,DUP|UPSTREAM_GENE_VARIANT|HUNK|ENST00000270112|NOT_PRIORITISED|3,DUP|DOWNSTREAM_GENE_VARIANT|HMGN1P2|ENST00000445197|NOT_PRIORITISED|3,DUP|DOWNSTREAM_GENE_VARIANT|AP000255.6|ENST00000610276|NOT_PRIORITISED|3,DUP|DOWNSTREAM_GENE_VARIANT|TPT1P1|ENST00000458495|NOT_PRIORITISED|3
cnvkit	syn3-normal-germline	chr21	33312191	33640575	DUP		DUP|BIDIRECTIONAL_GENE_FUSION|HUNK&MIS18A|ENSG00000142149|NOT_PRIORITISED|3,DUP|UPSTREAM_GENE_VARIANT|HUNK-AS1|ENST00000437109|NOT_PRIORITISED|3,DUP|UPSTREAM_GENE_VARIANT|LINC00159|ENST00000411605|NOT_PRIORITISED|3,DUP|UPSTREAM_GENE_VARIANT|AP000261.1|ENST00000581586|NOT_PRIORITISED|3,DUP|UPSTREAM_GENE_VARIANT|AP000265.1|ENST00000565959|NOT_PRIORITISED|3,DUP|DOWNSTREAM_GENE_VARIANT|HUNK|ENST00000270112|NOT_PRIORITISED|3,DUP|DOWNSTREAM_GENE_VARIANT|HUNK-AS1|ENST00000437109|NOT_PRIORITISED|3,DUP|DOWNSTREAM_GENE_VARIANT|LINC00159|ENST00000411605|NOT_PRIORITISED|3,DUP|DOWNSTREAM_GENE_VARIANT|AP000261.1|ENST00000581586|NOT_PRIORITISED|3,DUP|DOWNSTREAM_GENE_VARIANT|AP000265.1|ENST00000565959|NOT_PRIORITISED|3,DUP|DOWNSTREAM_GENE_VARIANT|MIS18A|ENST00000290130|NOT_PRIORITISED|3
cnvkit	syn3-normal-germline	chr21	33641075	34186239	DUP		DUP|BIDIRECTIONAL_GENE_FUSION|C21orf49&MIS18A|ENSG00000159055|NOT_PRIORITISED|3
cnvkit	syn3-normal-germline	chr21	34186739	34613434	DUP		DUP|GENE_FUSION|C21orf49&IFNAR2|ENSG00000205930|NOT_PRIORITISED|3,DUP|UPSTREAM_GENE_VARIANT|C21orf62|ENST00000382373|NOT_PRIORITISED|3,DUP|UPSTREAM_GENE_VARIANT|AP000281.1|ENST00000444036|NOT_PRIORITISED|3,DUP|UPSTREAM_GENE_VARIANT|SNORA70|ENST00000384370|NOT_PRIORITISED|3,DUP|UPSTREAM_GENE_VARIANT|AP000281.2|ENST00000427911|NOT_PRIORITISED|3,DUP|UPSTREAM_GENE_VARIANT|AP000282.2|ENST00000420356|NOT_PRIORITISED|3,DUP|UPSTREAM_GENE_VARIANT|AP000282.3|ENST00000424837|NOT_PRIORITISED|3,DUP|UPSTREAM_GENE_VARIANT|OLIG2|ENST00000333337|NOT_PRIORITISED|3,DUP|UPSTREAM_GENE_VARIANT|LINC00945|ENST00000453716|NOT_PRIORITISED|3,DUP|UPSTREAM_GENE_VARIANT|OLIG1|ENST00000382348|NOT_PRIORITISED|3,DUP|UPSTREAM_GENE_VARIANT|AP000289.6|ENST00000421051|NOT_PRIORITISED|3,DUP|UPSTREAM_GENE_VARIANT|AP000290.7|ENST00000450830|NOT_PRIORITISED|3,DUP|UPSTREAM_GENE_VARIANT|C21orf54|ENST00000451980|NOT_PRIORITISED|3,DUP|UPSTREAM_GENE_VARIANT|IFNAR2|ENST00000342136|NOT_PRIORITISED|3,DUP|DOWNSTREAM_GENE_VARIANT|AP000281.1|ENST00000444036|NOT_PRIORITISED|3,DUP|DOWNSTREAM_GENE_VARIANT|SNORA70|ENST00000384370|NOT_PRIORITISED|3,DUP|DOWNSTREAM_GENE_VARIANT|AP000281.2|ENST00000427911|NOT_PRIORITISED|3,DUP|DOWNSTREAM_GENE_VARIANT|AP000282.2|ENST00000420356|NOT_PRIORITISED|3,DUP|DOWNSTREAM_GENE_VARIANT|AP000282.3|ENST00000424837|NOT_PRIORITISED|3,DUP|DOWNSTREAM_GENE_VARIANT|OLIG2|ENST00000333337|NOT_PRIORITISED|3,DUP|DOWNSTREAM_GENE_VARIANT|LINC00945|ENST00000453716|NOT_PRIORITISED|3,DUP|DOWNSTREAM_GENE_VARIANT|OLIG1|ENST00000382348|NOT_PRIORITISED|3,DUP|DOWNSTREAM_GENE_VARIANT|AP000289.6|ENST00000421051|NOT_PRIORITISED|3,DUP|DOWNSTREAM_GENE_VARIANT|AP000290.7|ENST00000450830|NOT_PRIORITISED|3,DUP|DOWNSTREAM_GENE_VARIANT|C21orf54|ENST00000451980|NOT_PRIORITISED|3
cnvkit	syn3-normal-germline	chr21	34613934	35288338	DUP		DUP|GENE_FUSION|IFNAR2&LINC00649|ENSG00000159110|NOT_PRIORITISED|3
cnvkit	syn3-normal-germline	chr21	35288838	36265528	DUP	(RUNX1|ENSG00000159216|1|1.00)	DUP|BIDIRECTIONAL_GENE_FUSION|LINC00649&RUNX1|ENSG00000237945|NOT_PRIORITISED|3
cnvkit	syn3-normal-germline	chr21	36266028	37407628	DUP	(AP000688.1|ENSG00000268098|1|1.00)	DUP|GENE_FUSION|RUNX1&SETD4|ENSG00000159216|NOT_PRIORITISED|3,DUP|BIDIRECTIONAL_GENE_FUSION|AP000688.1&RUNX1|ENSG00000159216|NOT_PRIORITISED|3
cnvkit	syn3-normal-germline	chr21	37408128	37570555	DUP		DUP|GENE_FUSION|AP000688.1&DOPEY2|ENSG00000268098|NOT_PRIORITISED|3,DUP|BIDIRECTIONAL_GENE_FUSION|DOPEY2&SETD4|ENSG00000185917|NOT_PRIORITISED|3,DUP|UPSTREAM_GENE_VARIANT|SETD4|ENST00000332131|NOT_PRIORITISED|3,DUP|UPSTREAM_GENE_VARIANT|RIMKLBP1|ENST00000408914|NOT_PRIORITISED|3,DUP|UPSTREAM_GENE_VARIANT|AP000688.11|ENST00000436303|NOT_PRIORITISED|3,DUP|UPSTREAM_GENE_VARIANT|RNU6-992P|ENST00000363343|NOT_PRIORITISED|3,DUP|UPSTREAM_GENE_VARIANT|AP000688.14|ENST00000535199|NOT_PRIORITISED|3,DUP|UPSTREAM_GENE_VARIANT|CBR1|ENST00000290349|NOT_PRIORITISED|3,DUP|UPSTREAM_GENE_VARIANT|AP000688.15|ENST00000445464|NOT_PRIORITISED|3,DUP|UPSTREAM_GENE_VARIANT|AP000688.29|ENST00000422473|NOT_PRIORITISED|3,DUP|UPSTREAM_GENE_VARIANT|MEMO1P1|ENST00000412073|NOT_PRIORITISED|3,DUP|UPSTREAM_GENE_VARIANT|RPS9P1|ENST00000419943|NOT_PRIORITISED|3,DUP|UPSTREAM_GENE_VARIANT|CBR3|ENST00000290354|NOT_PRIORITISED|3,DUP|UPSTREAM_GENE_VARIANT|CBR3-AS1|ENST00000432988|NOT_PRIORITISED|3,DUP|UPSTREAM_GENE_VARIANT|DOPEY2|ENST00000399151|NOT_PRIORITISED|3,DUP|UPSTREAM_GENE_VARIANT|RPL3P1|ENST00000437106|NOT_PRIORITISED|3,DUP|DOWNSTREAM_GENE_VARIANT|AP000688.1|ENST00000600312|NOT_PRIORITISED|3,DUP|DOWNSTREAM_GENE_VARIANT|RIMKLBP1|ENST00000408914|NOT_PRIORITISED|3,DUP|DOWNSTREAM_GENE_VARIANT|AP000688.11|ENST00000436303|NOT_PRIORITISED|3,DUP|DOWNSTREAM_GENE_VARIANT|RNU6-992P|ENST00000363343|NOT_PRIORITISED|3,DUP|DOWNSTREAM_GENE_VARIANT|AP000688.14|ENST00000535199|NOT_PRIORITISED|3,DUP|DOWNSTREAM_GENE_VARIANT|CBR1|ENST00000290349|NOT_PRIORITISED|3,DUP|DOWNSTREAM_GENE_VARIANT|AP000688.15|ENST00000445464|NOT_PRIORITISED|3,DUP|DOWNSTREAM_GENE_VARIANT|AP000688.29|ENST00000422473|NOT_PRIORITISED|3,DUP|DOWNSTREAM_GENE_VARIANT|MEMO1P1|ENST00000412073|NOT_PRIORITISED|3,DUP|DOWNSTREAM_GENE_VARIANT|RPS9P1|ENST00000419943|NOT_PRIORITISED|3,DUP|DOWNSTREAM_GENE_VARIANT|CBR3|ENST00000290354|NOT_PRIORITISED|3,DUP|DOWNSTREAM_GENE_VARIANT|CBR3-AS1|ENST00000432988|NOT_PRIORITISED|3,DUP|DOWNSTREAM_GENE_VARIANT|RPL3P1|ENST00000437106|NOT_PRIORITISED|3
cnvkit	syn3-normal-germline	chr21	37571055	37788908	DUP		DUP|GENE_FUSION|CHAF1B&DOPEY2|ENSG00000142197|NOT_PRIORITISED|3,DUP|UPSTREAM_GENE_VARIANT|RN7SL73P|ENST00000585239|NOT_PRIORITISED|3,DUP|UPSTREAM_GENE_VARIANT|snoU13|ENST00000459290|NOT_PRIORITISED|3,DUP|UPSTREAM_GENE_VARIANT|SRSF9P1|ENST00000399149|NOT_PRIORITISED|3,DUP|UPSTREAM_GENE_VARIANT|AP000692.10|ENST00000608391|NOT_PRIORITISED|3,DUP|UPSTREAM_GENE_VARIANT|MORC3|ENST00000400485|NOT_PRIORITISED|3,DUP|UPSTREAM_GENE_VARIANT|AP000692.9|ENST00000397184|NOT_PRIORITISED|3,DUP|UPSTREAM_GENE_VARIANT|CHAF1B|ENST00000314103|NOT_PRIORITISED|3,DUP|UPSTREAM_GENE_VARIANT|ATP5J2LP|ENST00000444161|NOT_PRIORITISED|3,DUP|DOWNSTREAM_GENE_VARIANT|DOPEY2|ENST00000399151|NOT_PRIORITISED|3,DUP|DOWNSTREAM_GENE_VARIANT|RN7SL73P|ENST00000585239|NOT_PRIORITISED|3,DUP|DOWNSTREAM_GENE_VARIANT|snoU13|ENST00000459290|NOT_PRIORITISED|3,DUP|DOWNSTREAM_GENE_VARIANT|SRSF9P1|ENST00000399149|NOT_PRIORITISED|3,DUP|DOWNSTREAM_GENE_VARIANT|AP000692.10|ENST00000608391|NOT_PRIORITISED|3,DUP|DOWNSTREAM_GENE_VARIANT|MORC3|ENST00000400485|NOT_PRIORITISED|3,DUP|DOWNSTREAM_GENE_VARIANT|AP000692.9|ENST00000397184|NOT_PRIORITISED|3,DUP|DOWNSTREAM_GENE_VARIANT|ATP5J2LP|ENST00000444161|NOT_PRIORITISED|3
cnvkit	syn3-normal-germline	chr21	37789408	38071291	DUP		DUP|BIDIRECTIONAL_GENE_FUSION|AP000697.6&CHAF1B|ENSG00000159259|NOT_PRIORITISED|3,DUP|UPSTREAM_GENE_VARIANT|AP000695.6|ENST00000429588|NOT_PRIORITISED|3,DUP|UPSTREAM_GENE_VARIANT|AP000695.4|ENST00000428667|NOT_PRIORITISED|3,DUP|UPSTREAM_GENE_VARIANT|CLDN14|ENST00000342108|NOT_PRIORITISED|3,DUP|UPSTREAM_GENE_VARIANT|AP000695.1|ENST00000595927|NOT_PRIORITISED|3,DUP|UPSTREAM_GENE_VARIANT|PSMD4P1|ENST00000433951|NOT_PRIORITISED|3,DUP|UPSTREAM_GENE_VARIANT|AP000696.2|ENST00000457669|NOT_PRIORITISED|3,DUP|UPSTREAM_GENE_VARIANT|SIM2|ENST00000290399|NOT_PRIORITISED|3,DUP|DOWNSTREAM_GENE_VARIANT|CHAF1B|ENST00000314103|NOT_PRIORITISED|3,DUP|DOWNSTREAM_GENE_VARIANT|AP000695.6|ENST00000429588|NOT_PRIORITISED|3,DUP|DOWNSTREAM_GENE_VARIANT|AP000695.4|ENST00000428667|NOT_PRIORITISED|3,DUP|DOWNSTREAM_GENE_VARIANT|CLDN14|ENST00000342108|NOT_PRIORITISED|3,DUP|DOWNSTREAM_GENE_VARIANT|AP000695.1|ENST00000595927|NOT_PRIORITISED|3,DUP|DOWNSTREAM_GENE_VARIANT|PSMD4P1|ENST00000433951|NOT_PRIORITISED|3,DUP|DOWNSTREAM_GENE_VARIANT|AP000696.2|ENST00000457669|NOT_PRIORITISED|3,DUP|DOWNSTREAM_GENE_VARIANT|AP000697.6|ENST00000430607|NOT_PRIORITISED|3
cnvkit	syn3-normal-germline	chr21	38140333	38437163	DUP		DUP|GENE_FUSION|HLCS&PIGP|ENSG00000159267|NOT_PRIORITISED|3,DUP|UPSTREAM_GENE_VARIANT|HLCS|ENST00000336648|NOT_PRIORITISED|3,DUP|UPSTREAM_GENE_VARIANT|HLCS-IT1|ENST00000434195|NOT_PRIORITISED|3,DUP|UPSTREAM_GENE_VARIANT|RNA5SP491|ENST00000362936|NOT_PRIORITISED|3,DUP|UPSTREAM_GENE_VARIANT|DPRXP5|ENST00000604662|NOT_PRIORITISED|3,DUP|UPSTREAM_GENE_VARIANT|AP000704.5|ENST00000430068|NOT_PRIORITISED|3,DUP|UPSTREAM_GENE_VARIANT|Y_RNA|ENST00000384685|NOT_PRIORITISED|3,DUP|UPSTREAM_GENE_VARIANT|MRPL20P1|ENST00000400819|NOT_PRIORITISED|3,DUP|UPSTREAM_GENE_VARIANT|RIPPLY3|ENST00000329553|NOT_PRIORITISED|3,DUP|UPSTREAM_GENE_VARIANT|RNU6-696P|ENST00000390834|NOT_PRIORITISED|3,DUP|DOWNSTREAM_GENE_VARIANT|HLCS-IT1|ENST00000434195|NOT_PRIORITISED|3,DUP|DOWNSTREAM_GENE_VARIANT|RNA5SP491|ENST00000362936|NOT_PRIORITISED|3,DUP|DOWNSTREAM_GENE_VARIANT|DPRXP5|ENST00000604662|NOT_PRIORITISED|3,DUP|DOWNSTREAM_GENE_VARIANT|AP000704.5|ENST00000430068|NOT_PRIORITISED|3,DUP|DOWNSTREAM_GENE_VARIANT|Y_RNA|ENST00000384685|NOT_PRIORITISED|3,DUP|DOWNSTREAM_GENE_VARIANT|MRPL20P1|ENST00000400819|NOT_PRIORITISED|3,DUP|DOWNSTREAM_GENE_VARIANT|RIPPLY3|ENST00000329553|NOT_PRIORITISED|3,DUP|DOWNSTREAM_GENE_VARIANT|RNU6-696P|ENST00000390834|NOT_PRIORITISED|3,DUP|DOWNSTREAM_GENE_VARIANT|PIGP|ENST00000464265|NOT_PRIORITISED|3
cnvkit	syn3-normal-germline	chr21	38437663	38613192	DUP	(DSCR3|ENSG00000157538|1|1.00)	DUP|GENE_FUSION|DSCR3&PIGP|ENSG00000185808|NOT_PRIORITISED|3,DUP|UPSTREAM_GENE_VARIANT|PIGP|ENST00000464265|NOT_PRIORITISED|3,DUP|UPSTREAM_GENE_VARIANT|TTC3|ENST00000354749|ON_PRIORITY_LIST|2,DUP|UPSTREAM_GENE_VARIANT|AP001429.1|ENST00000602568|NOT_PRIORITISED|3,DUP|UPSTREAM_GENE_VARIANT|TTC3-AS1|ENST00000424733|NOT_PRIORITISED|3,DUP|UPSTREAM_GENE_VARIANT|DSCR9|ENST00000454482|NOT_PRIORITISED|3,DUP|UPSTREAM_GENE_VARIANT|RN7SL678P|ENST00000579533|NOT_PRIORITISED|3,DUP|UPSTREAM_GENE_VARIANT|AP001432.14|ENST00000440629|NOT_PRIORITISED|3,DUP|DOWNSTREAM_GENE_VARIANT|TTC3|ENST00000354749|ON_PRIORITY_LIST|2,DUP|DOWNSTREAM_GENE_VARIANT|AP001429.1|ENST00000602568|NOT_PRIORITISED|3,DUP|DOWNSTREAM_GENE_VARIANT|TTC3-AS1|ENST00000424733|NOT_PRIORITISED|3,DUP|DOWNSTREAM_GENE_VARIANT|DSCR9|ENST00000454482|NOT_PRIORITISED|3,DUP|DOWNSTREAM_GENE_VARIANT|RN7SL678P|ENST00000579533|NOT_PRIORITISED|3,DUP|DOWNSTREAM_GENE_VARIANT|AP001432.14|ENST00000440629|NOT_PRIORITISED|3,DUP|DOWNSTREAM_GENE_VARIANT|DSCR3|ENST00000309117|NOT_PRIORITISED|3
cnvkit	syn3-normal-germline	chr21	38613692	40546739	DUP		DUP|GENE_FUSION|DSCR3&PSMG1|ENSG00000157538|NOT_PRIORITISED|3
cnvkit	syn3-normal-germline	chr21	40547239	40887675	DUP		DUP|UPSTREAM_GENE_VARIANT|PCBP2P1|ENST00000437262|NOT_PRIORITISED|3,DUP|UPSTREAM_GENE_VARIANT|PSMG1|ENST00000331573|NOT_PRIORITISED|3,DUP|UPSTREAM_GENE_VARIANT|BRWD1|ENST00000333229|NOT_PRIORITISED|3,DUP|UPSTREAM_GENE_VARIANT|AF129408.17|ENST00000608767|NOT_PRIORITISED|3,DUP|UPSTREAM_GENE_VARIANT|TIMM9P2|ENST00000419324|NOT_PRIORITISED|3,DUP|UPSTREAM_GENE_VARIANT|BRWD1-IT1|ENST00000435608|NOT_PRIORITISED|3,DUP|UPSTREAM_GENE_VARIANT|METTL21AP1|ENST00000438852|NOT_PRIORITISED|3,DUP|UPSTREAM_GENE_VARIANT|BRWD1-IT2|ENST00000603064|NOT_PRIORITISED|3,DUP|UPSTREAM_GENE_VARIANT|BRWD1-AS1|ENST00000423274|NOT_PRIORITISED|3,DUP|UPSTREAM_GENE_VARIANT|HMGN1|ENST00000361263|NOT_PRIORITISED|3,DUP|UPSTREAM_GENE_VARIANT|Y_RNA|ENST00000517106|NOT_PRIORITISED|3,DUP|UPSTREAM_GENE_VARIANT|snoU13|ENST00000459446|NOT_PRIORITISED|3,DUP|UPSTREAM_GENE_VARIANT|RNF6P1|ENST00000444889|NOT_PRIORITISED|3,DUP|UPSTREAM_GENE_VARIANT|WRB|ENST00000333781|NOT_PRIORITISED|3,DUP|UPSTREAM_GENE_VARIANT|LCA5L|ENST00000288350|NOT_PRIORITISED|3,DUP|UPSTREAM_GENE_VARIANT|SH3BGR|ENST00000333634|NOT_PRIORITISED|3,DUP|UPSTREAM_GENE_VARIANT|MYL6P2|ENST00000450079|NOT_PRIORITISED|3,DUP|UPSTREAM_GENE_VARIANT|RPS26P4|ENST00000431743|NOT_PRIORITISED|3,DUP|DOWNSTREAM_GENE_VARIANT|BRWD1|ENST00000333229|NOT_PRIORITISED|3,DUP|DOWNSTREAM_GENE_VARIANT|AF129408.17|ENST00000608767|NOT_PRIORITISED|3,DUP|DOWNSTREAM_GENE_VARIANT|TIMM9P2|ENST00000419324|NOT_PRIORITISED|3,DUP|DOWNSTREAM_GENE_VARIANT|BRWD1-IT1|ENST00000435608|NOT_PRIORITISED|3,DUP|DOWNSTREAM_GENE_VARIANT|METTL21AP1|ENST00000438852|NOT_PRIORITISED|3,DUP|DOWNSTREAM_GENE_VARIANT|BRWD1-IT2|ENST00000603064|NOT_PRIORITISED|3,DUP|DOWNSTREAM_GENE_VARIANT|BRWD1-AS1|ENST00000423274|NOT_PRIORITISED|3,DUP|DOWNSTREAM_GENE_VARIANT|HMGN1|ENST00000361263|NOT_PRIORITISED|3,DUP|DOWNSTREAM_GENE_VARIANT|Y_RNA|ENST00000517106|NOT_PRIORITISED|3,DUP|DOWNSTREAM_GENE_VARIANT|snoU13|ENST00000459446|NOT_PRIORITISED|3,DUP|DOWNSTREAM_GENE_VARIANT|RNF6P1|ENST00000444889|NOT_PRIORITISED|3,DUP|DOWNSTREAM_GENE_VARIANT|WRB|ENST00000333781|NOT_PRIORITISED|3,DUP|DOWNSTREAM_GENE_VARIANT|LCA5L|ENST00000288350|NOT_PRIORITISED|3,DUP|DOWNSTREAM_GENE_VARIANT|SH3BGR|ENST00000333634|NOT_PRIORITISED|3,DUP|DOWNSTREAM_GENE_VARIANT|MYL6P2|ENST00000450079|NOT_PRIORITISED|3,DUP|DOWNSTREAM_GENE_VARIANT|RPS26P4|ENST00000431743|NOT_PRIORITISED|3
cnvkit	syn3-normal-germline	chr21	46958615	47315338	DUP	(PCBP3|ENSG00000183570|1|1.00)	DUP|BIDIRECTIONAL_GENE_FUSION|PCBP3&SLC19A1|ENSG00000173638|NOT_PRIORITISED|3,DUP|UPSTREAM_GENE_VARIANT|SLC19A1|ENST00000311124|NOT_PRIORITISED|3,DUP|UPSTREAM_GENE_VARIANT|AL133493.2|ENST00000424569|NOT_PRIORITISED|3,DUP|UPSTREAM_GENE_VARIANT|PCBP3|ENST00000400314|NOT_PRIORITISED|3,DUP|UPSTREAM_GENE_VARIANT|PRED60|ENST00000601068|NOT_PRIORITISED|3,DUP|UPSTREAM_GENE_VARIANT|AL592528.1|ENST00000380008|NOT_PRIORITISED|3,DUP|DOWNSTREAM_GENE_VARIANT|AL133493.2|ENST00000424569|NOT_PRIORITISED|3,DUP|DOWNSTREAM_GENE_VARIANT|PRED60|ENST00000601068|NOT_PRIORITISED|3,DUP|DOWNSTREAM_GENE_VARIANT|AL592528.1|ENST00000380008|NOT_PRIORITISED|3
